ID	SENTIMENT
1261686753007734784	neutral
1291119196445835266	pessimism
1242572259769925650	neutral
1302633822299844609	neutral
1256334180096471040	neutral
1258846820467343361	neutral
1226863473780576256	pessimism
1228373891900485632	pessimism
1227283608278306817	pessimism
1240755530882318337	pessimism
1231627703834599424	neutral
1235605314243825666	pessimism
1240004984776908800	neutral
1335222810101342211	pessimism
1277550382529409024	neutral
1261665247418556416	neutral
1243533773062447106	pessimism
1243440613154004993	neutral
1253795247018127365	neutral
1239211272555630592	pessimism
1300809228135936000	neutral
1229676032501915649	pessimism
1253771155615494145	neutral
1239943812232941581	pessimism
1243042870640160768	pessimism
1230222210297716736	neutral
1252017872236351490	neutral
1301849835537158145	neutral
1226997528245071872	pessimism
1246572444522930176	neutral
1267395822850883585	neutral
1240045294969999361	pessimism
1328761446759616514	neutral
1239687471383764993	pessimism
1271182347807985667	neutral
1271177713970184197	neutral
1245396828918632448	pessimism
1271185591984623616	neutral
1305250551752425474	neutral
1253831024309657601	neutral
1280542516803067904	neutral
1241860715721494535	pessimism
1271885314596864000	neutral
1244110452532998144	pessimism
1232768404207153152	neutral
1241067993305698304	pessimism
1331385501107048452	pessimism
1227264239737290753	neutral
1276236483603632128	neutral
1236696376563716097	pessimism
1240781809018974209	pessimism
1243042914332069888	neutral
1230009301957255169	neutral
1254919124632944642	neutral
1285569954012700672	neutral
1262794817735622658	neutral
1295433480382427136	pessimism
1243683790633021442	neutral
1262157483629576194	neutral
1264439478304886790	neutral
1243238241232392200	neutral
1253065475317133313	neutral
1252734087908990982	neutral
1244772966895935497	pessimism
1313256747411398656	pessimism
1281996509094051844	neutral
1302790877446774784	neutral
1233272693606277120	pessimism
1313571656263233537	pessimism
1262161876072480768	neutral
1243538504765800448	neutral
1243607084748304384	pessimism
1238593959179542530	neutral
1229507941620944897	neutral
1253077439779135489	neutral
1237864444597645312	pessimism
1231312919952003073	neutral
1237435872070340608	pessimism
1255259914915778561	neutral
1246566710255194112	pessimism
1300829099158634504	neutral
1253787032595263489	neutral
1302833205716819968	pessimism
1245281022406606848	pessimism
1249476906266906625	neutral
1253087554641035264	neutral
1259557904211943427	pessimism
1228197467411271680	neutral
1226440965927395329	pessimism
1257769309788610561	pessimism
1259921268989706242	neutral
1320853714421297153	pessimism
1228980305979203584	neutral
1235297937057603585	pessimism
1243683533740269568	neutral
1290045407741976576	pessimism
1248751472231231491	pessimism
1272894003017592836	pessimism
1235586986053943297	pessimism
1245412968092729345	neutral
1231582432920588288	pessimism
1243684385171419137	neutral
1243294773345054725	pessimism
1237523450249396224	pessimism
1242591683155378176	neutral
1243950984159735808	pessimism
1282066647398912002	neutral
1267330861193736197	neutral
1245581738744537088	pessimism
1237523146338533376	pessimism
1244043212148346892	pessimism
1271911844484009984	pessimism
1243686964810801153	pessimism
1230982069301329920	neutral
1248350476871045120	pessimism
1233891406474858496	pessimism
1246567215186534402	neutral
1244403987220135936	pessimism
1243264478679986176	pessimism
1240760004132524033	neutral
1295430452023644167	neutral
1233094592632967168	pessimism
1260963720353759234	neutral
1226882246889570309	neutral
1228081749491666945	neutral
1258845070155034624	neutral
1253097616545583106	neutral
1283192540955475968	pessimism
1263404208138616832	pessimism
1328060829640568832	pessimism
1236439324608139264	pessimism
1234372553860427776	pessimism
1237939798880419843	pessimism
1233318114055593984	pessimism
1236562085061918720	neutral
1247674493176147970	neutral
1285572528556081153	neutral
1246178087307489280	pessimism
1246934638146269185	neutral
1240891338951925761	neutral
1268656968576774154	neutral
1245422292567457793	neutral
1234595377883570179	pessimism
1248739766700396544	pessimism
1269015595258834944	pessimism
1258838619847946242	neutral
1236025080582492162	pessimism
1246939735051862021	pessimism
1325064148942811138	neutral
1285679271659352065	neutral
1226995350768103425	neutral
1248033311005593600	neutral
1243077695086485507	neutral
1245824790503600128	pessimism
1256638993757802497	neutral
1246554938651672577	pessimism
1237692555434897408	neutral
1274408918412861449	pessimism
1242404297888890881	neutral
1245026843092119553	pessimism
1252735334971895808	neutral
1274699343161745410	pessimism
1239134738884902913	pessimism
1246926919016341506	neutral
1294380802004979712	neutral
1259557147223953409	pessimism
1238952642564386816	pessimism
1246749902958403585	neutral
1255609426578477056	pessimism
1248023863226765316	pessimism
1260961310864523264	neutral
1267365664987234304	neutral
1246560909226586112	pessimism
1311066458143813633	neutral
1329106247874977803	pessimism
1310134560022294533	pessimism
1246938594142535680	neutral
1227317950878711808	pessimism
1240757417824129025	neutral
1231537555281068032	pessimism
1250560062810185728	pessimism
1229075079130042369	pessimism
1302898159597899777	pessimism
1301834619621445633	neutral
1234014584010199040	pessimism
1246929105582424066	neutral
1243615790433255425	neutral
1231087420281458688	pessimism
1239694222346932224	pessimism
1246565703655849985	neutral
1238959952452112391	neutral
1243663960865267712	neutral
1263601594475491328	neutral
1259872097100156928	neutral
1247460479519211520	neutral
1243516004912766977	neutral
1234478149083095040	neutral
1226159595363676160	pessimism
1241867774311489536	neutral
1239237579008028672	pessimism
1249472750651092999	pessimism
1258851482071437314	neutral
1227366885701718016	neutral
1313254489676279813	pessimism
1233308902479081472	pessimism
1253790821368819714	neutral
1232872709022941185	neutral
1241121561131843592	neutral
1232066035592773632	pessimism
1313259875464478721	neutral
1258510114526380032	neutral
1237882411460866050	pessimism
1252376244357705728	pessimism
1243795440522280960	pessimism
1245423860608053254	neutral
1244186672679583745	neutral
1243688479063715841	pessimism
1260295523401117696	neutral
1256349540858368005	neutral
1261431184174784516	neutral
1332769937077649408	pessimism
1246939438191489024	pessimism
1268693989445828613	neutral
1242948074324013059	pessimism
1235258129190981632	pessimism
1243111980468178944	neutral
1259943684189102082	neutral
1246937828430413826	neutral
1292195139394457601	neutral
1227310741671366656	pessimism
1315301034500255745	pessimism
1249013526330368001	pessimism
1331676548882165760	neutral
1237533754081464321	pessimism
1247824089214943241	neutral
1242928678226575361	pessimism
1284261257910947840	pessimism
1267507695915057153	pessimism
1254537792069173249	neutral
1256340043397951488	neutral
1236066591101640704	pessimism
1316112347644264449	pessimism
1263960810671542284	pessimism
1267506159075971076	pessimism
1226925594413236228	pessimism
1244581009678450695	pessimism
1232745867309932552	pessimism
1240763127752536064	pessimism
1242586928169529346	pessimism
1235307825674543105	pessimism
1267937565010608128	pessimism
1243546010820935680	pessimism
1264437820141252609	neutral
1269038407256342528	neutral
1238590839577665537	neutral
1273663741104541696	pessimism
1253071434101989383	neutral
1253803936001089536	neutral
1253458167163351040	neutral
1247033795158540288	neutral
1238156317392400385	pessimism
1253815988052787201	pessimism
1229441485755449344	pessimism
1271178512397828096	neutral
1253774138709364739	neutral
1246214014952263680	neutral
1233885048153223169	pessimism
1246561582282190849	pessimism
1263188206373273613	neutral
1258162361191600131	neutral
1256356760664694784	neutral
1232750438937743362	pessimism
1267506051219406848	pessimism
1227954139608387584	neutral
1253789042812076034	neutral
1265783870957531136	pessimism
1239701628422365184	neutral
1242580715495194624	neutral
1236969455969804289	pessimism
1241064300220948482	neutral
1226028755811880961	neutral
1246211534604337152	neutral
1254253674051887105	neutral
1246570477860069376	pessimism
1226853615920459776	pessimism
1233886012784463873	pessimism
1242236525284384771	neutral
1260952948919676933	neutral
1228966109354676224	neutral
1239174713282367489	neutral
1252738746329546752	neutral
1244145431174471682	pessimism
1253772379756560385	neutral
1233172770265030656	pessimism
1226863910084644865	neutral
1271878407052128256	neutral
1252738528607436800	neutral
1246212094300585984	neutral
1332399477873803265	pessimism
1234506417530339329	neutral
1232361390033133569	neutral
1335332063843672069	neutral
1239207097008603139	pessimism
1264487279504039936	neutral
1237497935232974848	pessimism
1321942488282783751	pessimism
1238075224458919936	pessimism
1243754279502045184	neutral
1294274861024436225	pessimism
1272253088686989312	pessimism
1287878420416696320	neutral
1260301164157026306	neutral
1258891144697708546	pessimism
1227292649851363330	pessimism
1227995939924856832	neutral
1287450523277365254	pessimism
1243045007591968768	pessimism
1230425373332180992	pessimism
1259583417882226690	neutral
1229161706896576512	pessimism
1248033220320518149	neutral
1285688502378614784	neutral
1253088723681579008	neutral
1251648919471357955	neutral
1257094094775599105	neutral
1248026607031332865	neutral
1238929927287844865	neutral
1234611568299692033	neutral
1231646474255183883	pessimism
1240964008737308673	neutral
1246578881018109952	pessimism
1311385297234599944	pessimism
1231509819820916737	pessimism
1241868101546921984	pessimism
1267920223912353792	pessimism
1246949033001848834	pessimism
1263162405376290816	neutral
1231207598424313856	pessimism
1239290024107139072	pessimism
1246561409867096068	neutral
1229150544960380934	neutral
1236753830244683777	neutral
1244754950003064833	neutral
1245775613849300992	neutral
1245735937557970945	neutral
1321118419874390022	pessimism
1313187813102366727	pessimism
1228581780732538881	pessimism
1271223796142231552	neutral
1246214756286869504	pessimism
1229775114117537794	neutral
1246934306385207302	pessimism
1292868095887814656	neutral
1313257526574542849	neutral
1313255940922249217	pessimism
1239685627081363458	pessimism
1229113785954099200	pessimism
1235727593321594880	pessimism
1305636027823001607	pessimism
1324451016595701760	pessimism
1260285393896910848	neutral
1246196126463729667	neutral
1232962688805953537	pessimism
1257769209616125952	neutral
1243917656048013313	neutral
1239986192428523520	pessimism
1315778990477660160	pessimism
1240010221734580230	pessimism
1239942174747152386	pessimism
1268611995378626561	neutral
1259616140671713281	pessimism
1247043404304986113	neutral
1254192910041403393	neutral
1244394681284190211	pessimism
1262503525537497090	neutral
1227260757873696768	pessimism
1301911717849563139	neutral
1254188297095610371	neutral
1301429729723990017	pessimism
1240048736694235136	pessimism
1260341419681734656	neutral
1304931337254694912	neutral
1313259803687497731	pessimism
1264880385038614528	neutral
1253804327468236801	neutral
1238601302189518848	neutral
1237882525890105344	pessimism
1253073895298498562	neutral
1237511935236534273	neutral
1244773626970243078	neutral
1271195749779296256	neutral
1233715345837477888	neutral
1326206065550168066	neutral
1246935428961316865	neutral
1327724968067571712	pessimism
1226925257807757313	neutral
1313260129194708992	pessimism
1240002166313680897	neutral
1236430960616452096	neutral
1264375902093414401	neutral
1253791175816941569	neutral
1267060747491631105	pessimism
1268732556477956096	pessimism
1246225198577152005	neutral
1258507784733118465	neutral
1226898459694788608	pessimism
1272192282263818240	neutral
1232893368029634560	neutral
1226991819017379840	pessimism
1227213997633658880	pessimism
1266509544659849216	neutral
1256337886003073025	neutral
1240978022154502144	neutral
1253094911471161346	neutral
1236436517654007809	pessimism
1260277936369938440	neutral
1241866971748003841	pessimism
1264439680617140224	neutral
1243888237321555969	neutral
1285438148714156038	neutral
1262816232941580288	pessimism
1264439401960148999	neutral
1261432023417151489	neutral
1246214590213632002	pessimism
1334266501730164736	pessimism
1232022521416945664	pessimism
1267386660922298369	neutral
1246469258764222471	neutral
1231710638101188609	pessimism
1242602082730991618	neutral
1234126006450974720	pessimism
1271215020593078275	neutral
1240753758243602434	pessimism
1269631599257280517	neutral
1229037352028381185	neutral
1235679830819000320	pessimism
1246530629812006914	pessimism
1267100284368687105	neutral
1271145415925272577	neutral
1274514513451257857	pessimism
1235341659845677058	pessimism
1272237475201761286	neutral
1240011170360295427	pessimism
1237808873706307584	pessimism
1255202212000776193	pessimism
1323324131299987456	pessimism
1253790809176051712	neutral
1246582491512799233	pessimism
1240192724873158657	pessimism
1252371096256475136	neutral
1253107507146473475	neutral
1313258983797522432	pessimism
1228731974904418305	pessimism
1267907598138867716	neutral
1271880062917382144	neutral
1333546425515462665	pessimism
1230517329089318914	neutral
1246940415321923584	neutral
1246925751775084544	neutral
1244768459419983874	pessimism
1285898646693781510	neutral
1271161913926455298	neutral
1253057988106960896	neutral
1255241219992666115	neutral
1316834900012675093	pessimism
1216972744375574529	neutral
1254863187842756609	neutral
1261492436628578305	neutral
1271170870157938709	neutral
1228336390523383808	neutral
1310697159419985920	neutral
1272209826395811840	neutral
1240774299595620352	pessimism
1313259148948189185	neutral
1234024491103248385	pessimism
1252381170781712390	neutral
1235333525278203907	pessimism
1242567125119746049	neutral
1246926148413591552	neutral
1292794578274258945	neutral
1226085798044487682	neutral
1235679731384807436	pessimism
1232937486873243650	neutral
1253070924523470849	neutral
1242237186042404867	neutral
1267506220044296194	pessimism
1234530368222568456	pessimism
1314699549848539147	pessimism
1240268221367734272	pessimism
1248750572494356480	neutral
1280633847709761536	neutral
1240926230746001411	pessimism
1241853587673604096	pessimism
1237919210677981184	pessimism
1254197232682897408	neutral
1246558316416958464	pessimism
1302283997825953792	pessimism
1236439931544842241	pessimism
1226845773351940097	neutral
1240483985173753857	neutral
1292488147578818560	pessimism
1325920427949117440	neutral
1246942044167090176	neutral
1226886066793091072	neutral
1246947010420387840	pessimism
1267099838098935811	neutral
1238633309443428353	pessimism
1237816925654257672	pessimism
1324768330847309827	neutral
1228448845715169288	neutral
1226890101835386880	neutral
1312161892211675141	neutral
1228710424037609477	neutral
1238935197422362624	neutral
1246935848274350081	pessimism
1232086480769683456	neutral
1238527789076111361	pessimism
1259619295182675968	neutral
1252376270102392834	neutral
1244756346756571138	pessimism
1235237441952505859	neutral
1239158927310434305	pessimism
1237506612895420416	pessimism
1246925732749758464	neutral
1239308879953113088	pessimism
1320784315115065345	pessimism
1245649732602478597	neutral
1288573437888344065	pessimism
1231408745944698880	neutral
1264085135441436672	neutral
1264267623988109324	neutral
1236073646881492992	pessimism
1228222870356021251	neutral
1254176608333651968	neutral
1311091542870827009	neutral
1238585068341407745	neutral
1324728076526362625	pessimism
1243683090100137984	pessimism
1272212664769490951	neutral
1244410327799865344	pessimism
1246214288383107074	pessimism
1284031131508146176	neutral
1262163805179645952	pessimism
1324800840301899777	neutral
1228244054996967424	neutral
1259959475018051590	neutral
1263540332165304322	neutral
1271882321147248640	neutral
1253061598916284416	neutral
1267442941288689666	neutral
1253768319594893313	neutral
1228424615690678272	neutral
1238609346382176256	pessimism
1260709552682606592	neutral
1318650058951299074	neutral
1237443029864075264	pessimism
1310620674931785734	neutral
1271181691730739201	neutral
1260319620335988738	neutral
1246567418115371009	pessimism
1284486357876867072	pessimism
1313262739729592321	pessimism
1235270827446333448	pessimism
1318607423498846209	pessimism
1226927569418715138	neutral
1245623390024548356	neutral
1246575059570958342	neutral
1333867267206111235	neutral
1259604261421408256	pessimism
1333837792678297600	pessimism
1227694470579310592	neutral
1254556194255130625	neutral
1284580060117245955	pessimism
1236092283574833152	pessimism
1231979310917001216	pessimism
1260302298607206412	neutral
1246559633990443010	neutral
1333177766737481728	pessimism
1254874407039893505	neutral
1284492919609622530	pessimism
1287374514200940544	neutral
1234568394667524096	pessimism
1270775911126896641	neutral
1240778843801227264	pessimism
1241442308740075527	pessimism
1262129927433990150	neutral
1246528722225762304	pessimism
1320428235910504448	pessimism
1296199156273479687	pessimism
1239691784885698561	neutral
1227121884782845952	neutral
1245507910190407680	pessimism
1257694000418623488	neutral
1258102394958774276	neutral
1246603438445617152	pessimism
1233539285007192067	pessimism
1231124595140227073	pessimism
1249473066201223168	pessimism
1227195191418748928	neutral
1271172751785590795	neutral
1259865814376812545	neutral
1232987013621698561	pessimism
1246213480732151808	pessimism
1240276976574791680	pessimism
1253102532949352448	neutral
1236877757465776128	pessimism
1322978469727391746	pessimism
1271177437431373824	neutral
1285489113160994816	neutral
1269761698480750593	neutral
1267504988634349569	neutral
1240768121155325953	pessimism
1246560150283907072	pessimism
1247809146230951936	pessimism
1256066604019974144	neutral
1270209252385153024	neutral
1243567382288891906	pessimism
1262518468395622401	neutral
1229679884882075648	pessimism
1235320932933259268	neutral
1333151250204987401	pessimism
1236333809416712193	pessimism
1242945984587538432	neutral
1227126325644840961	pessimism
1267136269215301632	pessimism
1245185364408422400	neutral
1331016509825708035	pessimism
1253072177114615814	pessimism
1277471787006062597	pessimism
1227318752221581319	pessimism
1323360733820837890	pessimism
1253793719154692096	neutral
1285591578959118336	neutral
1243064128731623425	pessimism
1286323349216526338	neutral
1264068152964628480	neutral
1233589541459693568	pessimism
1231587463585337350	pessimism
1260899098821083136	neutral
1236686816817876995	pessimism
1301632904582356992	neutral
1270367655766233088	neutral
1230957731928006657	pessimism
1270036675909971970	neutral
1236427367544954882	pessimism
1276297351876001793	pessimism
1261717950173777922	neutral
1263500020487270400	neutral
1239944539604807680	pessimism
1303728977530552328	neutral
1227208020179836929	pessimism
1324344451066724353	neutral
1232838786679222278	pessimism
1243581484889448448	neutral
1228929848896315392	pessimism
1264073633430941696	pessimism
1244748380645003264	pessimism
1257766123237449730	neutral
1245652152204144641	neutral
1242597886346444800	neutral
1231317332636635136	pessimism
1230624422999932928	pessimism
1239696543248048128	pessimism
1243689041092059136	pessimism
1303442235858415616	pessimism
1264439533422153729	neutral
1234892527083364352	neutral
1268192995033128960	pessimism
1252732364343488512	neutral
1243602228444835841	pessimism
1263193522355818503	neutral
1237807014329438213	pessimism
1248747656316411905	neutral
1255251817421815808	pessimism
1282823357659045888	neutral
1247406558444576768	neutral
1266489536005234691	neutral
1262531675159961601	neutral
1228713539059077122	pessimism
1232497839416233986	neutral
1236961091789434887	pessimism
1268946094760878082	pessimism
1244407681361817602	pessimism
1241872785493782528	neutral
1271204723819937793	neutral
1237420994551218176	neutral
1242573192687955970	neutral
1313256863387934721	neutral
1235337949723742209	pessimism
1264300068590379008	neutral
1261740718336458760	neutral
1322575455174754304	neutral
1243867975163080704	pessimism
1285916204830351363	neutral
1238951679602688004	neutral
1242934423496069120	pessimism
1303463650745888768	pessimism
1237514548669640704	pessimism
1261560655233953794	neutral
1228427603079520262	neutral
1246946460211589125	neutral
1246581993606807552	pessimism
1239978653930397698	pessimism
1248396369032671232	neutral
1237835033144168448	pessimism
1236204632352927744	pessimism
1236500562092470272	pessimism
1233318879335604225	pessimism
1226177476499574786	neutral
1324745888099635202	pessimism
1253107437063847936	neutral
1254815889784004619	neutral
1254890744680255490	neutral
1247670125827952640	neutral
1259870840121888774	pessimism
1263224430274260994	neutral
1232906269108903937	pessimism
1235213190872657920	pessimism
1247426180627587072	pessimism
1227295996801167360	neutral
1261247915504340994	pessimism
1246947601758531584	pessimism
1313260719719288833	pessimism
1301538453943980032	neutral
1251611354403766272	neutral
1237143062607888384	pessimism
1226891206661009408	neutral
1241127861043503106	pessimism
1242931991210856448	pessimism
1267505331816534017	pessimism
1260308627623161857	neutral
1229750859967401984	pessimism
1232748061568401408	neutral
1267901952169578497	neutral
1263986328259244033	neutral
1329166911427530752	pessimism
1227566477072457728	neutral
1257766675778359296	neutral
1248745643155300358	pessimism
1238963119998799881	pessimism
1277009905183047683	pessimism
1264962828282130432	neutral
1324944186735521797	pessimism
1328107403779469322	pessimism
1227215227185508352	neutral
1239319795818004481	pessimism
1253080488681578498	neutral
1234485995392970752	pessimism
1261688185459019776	neutral
1236076930342047753	pessimism
1239954375130238979	neutral
1252374742566240262	pessimism
1242586358658600960	neutral
1243753630488027138	pessimism
1336778050348802048	pessimism
1237866790329311237	pessimism
1268221187907366914	neutral
1239698460267421700	pessimism
1256704939444879362	neutral
1247279581532499968	pessimism
1231339799375679488	pessimism
1230182297468432385	neutral
1254855350680875008	neutral
1306612744645300224	neutral
1327709776059502597	pessimism
1242943888320368640	pessimism
1249479550683115523	neutral
1244404748603854848	pessimism
1269014634717155329	pessimism
1246219560648241152	neutral
1264162923209003009	pessimism
1242565158037323776	pessimism
1276494432003674112	pessimism
1264576631760474114	neutral
1248925178035187712	neutral
1261646264338432000	pessimism
1227206781362794496	neutral
1250552451092164611	neutral
1253794714127609856	neutral
1267507706031681540	pessimism
1271201684786745346	neutral
1238424014931898368	neutral
1242567603182157824	pessimism
1258821517242220544	neutral
1234525109509029888	pessimism
1236430675500285952	pessimism
1235332800854839297	pessimism
1225581011066589184	neutral
1272927018028609537	neutral
1246559106413936640	neutral
1242566940025065472	pessimism
1260297614861484032	pessimism
1246939080123768833	pessimism
1247259492582129669	pessimism
1242577392918462465	neutral
1229360387612692480	pessimism
1238967365066469381	neutral
1245609303408443393	neutral
1246573177431445504	neutral
1248026649167159296	neutral
1237866040664584198	pessimism
1269944839245873154	neutral
1291823023461466113	pessimism
1243629174176309248	neutral
1235680323867947009	pessimism
1253342889175920641	neutral
1269705127285395459	neutral
1256303251038797824	neutral
1283987641994588160	neutral
1263167792569888768	neutral
1235680537592745984	pessimism
1227914085527773185	neutral
1242937821561794561	neutral
1260691447906471939	neutral
1225527517295063045	neutral
1253097419262226432	neutral
1237507389416525824	pessimism
1229832829762228224	neutral
1246221858048897024	neutral
1325927411247177729	pessimism
1253789281400819713	neutral
1248747983589556226	pessimism
1335692908217962497	pessimism
1242234095272370179	pessimism
1284207212571893760	pessimism
1246560579789164550	pessimism
1235575611927564289	pessimism
1240298072653127681	pessimism
1256721054006984710	neutral
1296176420108943361	neutral
1225767173190234114	neutral
1243542859887923202	neutral
1242785712916889600	neutral
1259951542666498048	neutral
1248362024511377409	neutral
1240322097072701446	pessimism
1262125785625907202	neutral
1311010411584589825	neutral
1313254528930779140	pessimism
1232895151405662214	neutral
1258036482725609473	neutral
1236762089617854465	neutral
1326610240914284545	neutral
1240782996216709121	pessimism
1240013848473522176	pessimism
1230995174542671872	pessimism
1271221281967542272	neutral
1243920425232379905	neutral
1241205051881746434	pessimism
1231354071468036097	pessimism
1229732295440990210	pessimism
1240244378779729920	pessimism
1254173424664170496	neutral
1318332963008901120	pessimism
1248387440248623106	pessimism
1228180423181684742	neutral
1242925947453612036	neutral
1261431867774885889	neutral
1225832933493112832	neutral
1236235199417061377	neutral
1252738550103019520	neutral
1253815717872504832	neutral
1236435906128760832	pessimism
1237859626084782082	pessimism
1242567811660238848	neutral
1238962280009814017	pessimism
1229541622364430343	pessimism
1247570151064637442	neutral
1237869703621533697	pessimism
1244755093758644224	pessimism
1330005158017699840	pessimism
1235652835318132737	neutral
1246936137308033025	pessimism
1253952013697552384	neutral
1235680394869174288	pessimism
1269036615571320833	pessimism
1328086142256893953	pessimism
1244741602125459462	pessimism
1305954421759762433	pessimism
1241867064043765761	neutral
1242946654719758337	pessimism
1246199299697971204	neutral
1241122674593738754	neutral
1248242599254724608	pessimism
1253208841484992517	neutral
1258044462393106432	neutral
1249846960498061313	neutral
1242736484118958083	neutral
1247304302651150337	pessimism
1245787017088241667	neutral
1245459473243811841	neutral
1334267569780510723	pessimism
1227252513952260096	neutral
1331732362032517122	pessimism
1235715454452125697	pessimism
1242570377244684289	neutral
1268168862626795520	pessimism
1243532243282296832	neutral
1335694642998874113	pessimism
1268618948943069184	neutral
1285637451428646914	pessimism
1266485500111618050	pessimism
1260314671086817280	neutral
1301267404345942016	pessimism
1245862480728842242	neutral
1260935947581095936	neutral
1263400691978166272	neutral
1253099105674334210	neutral
1237080766502354944	neutral
1255267037447938050	neutral
1243637242830237698	neutral
1244332559829434372	pessimism
1244772140538368000	pessimism
1264473711933079553	neutral
1305290034623307778	neutral
1227356515448819714	neutral
1242230767926882313	neutral
1233278650809749504	neutral
1242593289653620745	pessimism
1226588422397210624	neutral
1260686936018206725	neutral
1321907248231256066	pessimism
1282785636454473729	pessimism
1230887434180644865	pessimism
1262510924067336193	neutral
1292170546206171143	neutral
1286288919286427649	neutral
1269010497262833664	pessimism
1317895086349471744	pessimism
1234253749352386560	pessimism
1330990813686472706	neutral
1326208614902747137	pessimism
1227352507749425153	pessimism
1254388004183068675	neutral
1244193967731806214	pessimism
1260317631674015746	neutral
1226955437439774721	pessimism
1334280332342865923	pessimism
1294249100658061322	pessimism
1269741469243326466	neutral
1318320986664636421	pessimism
1246114590724780032	neutral
1282644857966796800	pessimism
1267479674914877440	neutral
1253804003173023748	neutral
1228264898959937536	neutral
1245862912805056514	neutral
1246339652212199427	neutral
1234149100959911936	pessimism
1243750086758158337	neutral
1285897285503680513	neutral
1269031316563152897	neutral
1300519574849323011	neutral
1258831740908470272	neutral
1268998616796016646	pessimism
1226931814108762112	pessimism
1288214271080321024	pessimism
1269341152148369409	neutral
1285618328640397313	neutral
1258056426385281033	neutral
1271168515677044736	neutral
1241780452823830530	pessimism
1229046606214754304	neutral
1230898630313140227	pessimism
1246941039115583490	neutral
1326255607645605889	pessimism
1240055576127660032	neutral
1302861075659055105	neutral
1264498584398917632	neutral
1234477531333644290	pessimism
1330203930224193541	pessimism
1273649697651978240	neutral
1253074814035611649	neutral
1241122741182517250	pessimism
1229182344420044800	neutral
1229837631803944960	neutral
1272846693155909633	neutral
1243685037343531008	pessimism
1317541261700698112	pessimism
1227090815765237761	neutral
1296219520034537474	pessimism
1243991373784551426	pessimism
1253105299143176193	neutral
1329927183289131010	pessimism
1252735022697713666	neutral
1240394186920275970	neutral
1260292910999678976	neutral
1231229433547251714	pessimism
1314290614767357953	pessimism
1313255503041044482	pessimism
1229122236336017409	neutral
1239953746873978886	pessimism
1251619357609701376	pessimism
1246201036181651456	pessimism
1246558946275594241	neutral
1246871503465074688	neutral
1259892165167194114	pessimism
1285551601923629058	neutral
1269010736275050497	pessimism
1256632365947981826	pessimism
1269779870017630209	neutral
1302318191218028546	pessimism
1261225767603748865	neutral
1334979809387098114	pessimism
1246580610090614786	pessimism
1258513854272659457	neutral
1243633151408312320	pessimism
1243185943072264194	pessimism
1243250705709666304	neutral
1324833021783089155	neutral
1234990010920620032	neutral
1294249315926511619	pessimism
1280480128842240000	neutral
1246935905539063808	pessimism
1229035662566801408	neutral
1268196906435522568	neutral
1335195829917765632	pessimism
1232048975143788545	pessimism
1265170963974553601	neutral
1269935531921739776	neutral
1242759031556427777	pessimism
1264733776451637249	pessimism
1261677115533074432	neutral
1253069506597060611	neutral
1235691613973774338	pessimism
1313591196548292610	pessimism
1233849629692846082	neutral
1331625611379560449	pessimism
1238432909998129159	pessimism
1237948215858737154	pessimism
1244677775774167040	pessimism
1234501005640962049	neutral
1247990754267422720	pessimism
1235273888008818694	pessimism
1229712282818686976	neutral
1226930406819270656	pessimism
1240900439983431681	neutral
1260281304505102337	neutral
1250555317185847296	neutral
1237138244942340099	pessimism
1258284097513938945	neutral
1267507729737887745	neutral
1274398335642808322	neutral
1313250991957999619	pessimism
1250188558675083265	neutral
1227238469652496387	neutral
1235373154416996352	pessimism
1229416698782113792	neutral
1246222725112307713	neutral
1245514135573413888	pessimism
1235601651328835584	neutral
1240771375758848001	neutral
1253798205348773889	neutral
1242591740499877890	pessimism
1234265104960475137	pessimism
1246221196829458433	pessimism
1244412326582849547	pessimism
1274113680632922113	neutral
1243161231491502081	pessimism
1324782072330919944	neutral
1243859811378188288	pessimism
1260325192166858752	neutral
1242937817929371654	pessimism
1240763833377054723	neutral
1289667797698584576	neutral
1250194727909175298	neutral
1258839265762398208	neutral
1231787269717184513	neutral
1313185768504881152	pessimism
1267439285860433920	neutral
1254521711820759045	neutral
1305245512602451970	neutral
1259268592174063617	pessimism
1241859037555232768	pessimism
1225764076841816064	neutral
1242586824817676294	neutral
1243687608468647936	pessimism
1273363727312535552	neutral
1271181835750555648	neutral
1246426584845897730	neutral
1253468213880459264	neutral
1240042174017867777	pessimism
1271172080478949376	neutral
1239684349278052353	pessimism
1248757507822141440	pessimism
1226860875497099265	neutral
1229415712785158146	neutral
1254815047454523395	neutral
1232780360120844288	pessimism
1243697262737395714	neutral
1248752330331348998	pessimism
1241476709758763008	neutral
1260298049320034304	neutral
1251607435313319938	neutral
1234602339090206720	pessimism
1227179218577940485	neutral
1240372674796425216	neutral
1246942896009302016	neutral
1226609360320651265	pessimism
1240904636917092353	neutral
1249111376636702721	neutral
1233537370596745217	neutral
1266122135560388608	neutral
1232813989027074050	pessimism
1241133209280286722	pessimism
1251254560464740360	neutral
1246574121216954368	pessimism
1259577729466413056	neutral
1260711806609342471	pessimism
1233169527686520833	pessimism
1226914724668833793	neutral
1246216228223553540	neutral
1269502108375515136	neutral
1242951075419820033	neutral
1237093453332451328	pessimism
1264476854670548992	neutral
1252381178817986561	neutral
1236939012817879040	pessimism
1322594054253654017	pessimism
1253789572477181955	neutral
1242956894295056384	neutral
1313262274220617728	pessimism
1241151319768956930	pessimism
1262814526593855488	neutral
1231063319940718592	neutral
1235680672905191428	pessimism
1244982561195151360	pessimism
1245587136054579201	pessimism
1231969919257972739	pessimism
1287856422974361600	neutral
1228981888930504704	pessimism
1244748060799971332	pessimism
1261644359793094657	neutral
1238541928402161670	pessimism
1309274022996307973	neutral
1275700189945364483	neutral
1316809484975722496	neutral
1314484509220503553	neutral
1227227789679525891	neutral
1236077041277075456	neutral
1261764347434393600	neutral
1280578750707494912	pessimism
1264320496042213383	neutral
1260284193063555073	neutral
1258817570628648960	neutral
1261736002030391299	neutral
1276237061540810752	pessimism
1243595116473995264	pessimism
1247302318783107072	neutral
1226445240996966400	neutral
1237864940850958344	pessimism
1260279808296136709	neutral
1237121939979808771	pessimism
1226952322925895681	pessimism
1246875480373874689	neutral
1228456411996262400	neutral
1246197683309576192	neutral
1246928564139761665	neutral
1246565867174977536	neutral
1243017105668177920	pessimism
1291131662881812480	neutral
1263948756979904512	pessimism
1286324937188204547	neutral
1271172732315672576	neutral
1240363820259868673	pessimism
1247304085872640000	pessimism
1241141880915664896	pessimism
1261416299969646592	neutral
1325926876469202944	neutral
1234498294119686144	pessimism
1239696013348212736	pessimism
1302263947618181127	pessimism
1246717278277771269	neutral
1333485596623429633	neutral
1234159986403495936	neutral
1242584685793984513	pessimism
1331382590008414211	pessimism
1243581154025848833	pessimism
1231456523504816129	neutral
1301877425597448193	neutral
1252013684743966721	pessimism
1227353403052961795	neutral
1262802441625571331	neutral
1240974994227642368	neutral
1262151377490309121	neutral
1245609742124240896	neutral
1241131859464970240	pessimism
1228909727276523520	pessimism
1244901340674809856	pessimism
1239947127956144133	neutral
1245376457011892225	pessimism
1234573669302751239	pessimism
1246279093185687552	pessimism
1282761398242758660	pessimism
1319738759504678918	pessimism
1234503507572658178	pessimism
1226934285317345281	neutral
1243535704438816769	neutral
1239944417496059907	pessimism
1252385885305270274	neutral
1256671944554024960	neutral
1246576222760587264	neutral
1242566425337827330	neutral
1246750802972205061	neutral
1246558756982448131	pessimism
1227422506631487488	pessimism
1320853110055686146	pessimism
1253792769803464709	neutral
1239687272058032130	pessimism
1241144406281015300	pessimism
1271892096941559809	neutral
1252731810393387008	neutral
1236070800291053568	pessimism
1248246131957452803	neutral
1227240009222234112	neutral
1267479878644969472	neutral
1236075562617184257	pessimism
1237862625309888517	pessimism
1267194145808023553	pessimism
1241861425129304064	neutral
1226882683151712256	neutral
1229851822845616133	pessimism
1226951704802942979	neutral
1269041063387377664	neutral
1250886976053678083	pessimism
1231730068054917120	pessimism
1271185785996410881	neutral
1229791979468402688	neutral
1311438605970268160	neutral
1313254784414212096	pessimism
1271206004282109952	neutral
1327746353640988675	pessimism
1237057639906828289	neutral
1246199916700942336	neutral
1242593919386431490	neutral
1239696387610218496	pessimism
1241371466043723777	pessimism
1244407483470434309	pessimism
1236796381882224640	pessimism
1225870081323753472	neutral
1286800113302732802	pessimism
1238600576117637120	pessimism
1227100002666737665	neutral
1237923560959512576	pessimism
1235962133726130177	pessimism
1240059594153627648	pessimism
1319371870173618185	pessimism
1263477449792389131	pessimism
1246572892738867201	pessimism
1242947642449178634	neutral
1226845771544195073	neutral
1237880353844375552	pessimism
1242591318855028738	pessimism
1240364532180156416	pessimism
1313261517631094784	pessimism
1240328813382336519	pessimism
1230010645585678336	neutral
1313255830972588032	pessimism
1261048142142701568	neutral
1244016839086276608	pessimism
1242564416866062336	neutral
1258521762867765249	neutral
1336147474705104898	neutral
1243524763789606915	neutral
1255248560985124871	pessimism
1260702003438800898	neutral
1244774037328408576	pessimism
1239985707957051401	pessimism
1232791899745988609	neutral
1248028916922662917	neutral
1294874865326084096	neutral
1262533113508360192	neutral
1246209969604657152	neutral
1237146149494099968	pessimism
1240283320329490433	pessimism
1243720988220514310	neutral
1230175670539608064	neutral
1233859251119915008	pessimism
1240199672414732288	neutral
1274000350299725827	neutral
1230273162379587584	pessimism
1226933254290169869	pessimism
1235315104708792326	pessimism
1228104439585812480	neutral
1293894721287393280	neutral
1293057054823702533	neutral
1243155409180884993	pessimism
1236871099721420800	pessimism
1236076190286270465	pessimism
1240284319391911936	pessimism
1228127525878009857	neutral
1313255432195133440	pessimism
1252713932567044099	neutral
1256326815838134273	neutral
1254831417122418688	pessimism
1326578921077432321	neutral
1262798529048702976	neutral
1252732770197127168	pessimism
1271952284486897665	neutral
1237941292228849664	pessimism
1313984771383590915	pessimism
1233325869915045894	pessimism
1272616912489308160	pessimism
1246576074479337474	pessimism
1237882968040804358	pessimism
1234238039616040965	pessimism
1268647086087495682	neutral
1234217191790301187	pessimism
1280524612384600064	neutral
1242767857731031040	neutral
1234184755039686669	pessimism
1228410880938954753	neutral
1333547203017666561	pessimism
1236431562964709376	pessimism
1228331404964089856	neutral
1281718093442682880	pessimism
1251986355032375308	neutral
1254541329306091522	pessimism
1248384745379000321	neutral
1301265689538375685	neutral
1262727719172726785	neutral
1254534323526668288	neutral
1245389348205236227	neutral
1242591051493388289	pessimism
1261426748631052289	neutral
1266083806504800262	neutral
1335010083089108992	pessimism
1236716587920560136	neutral
1234537518084841479	neutral
1255264541480542209	neutral
1257666970427719681	pessimism
1226699100390707200	neutral
1242783700514938880	neutral
1267313323554377729	pessimism
1258854604504215554	neutral
1248265148256534531	pessimism
1243689146830467072	pessimism
1235220019291750406	pessimism
1264391272359436289	neutral
1267920256435212290	pessimism
1242960654203596800	neutral
1311394847073464326	neutral
1240353742572027904	pessimism
1239238327255076867	pessimism
1239690825736609792	neutral
1227077526821822464	neutral
1261659721326448641	neutral
1243809176033386497	neutral
1241731607913836544	neutral
1267506269621047303	pessimism
1283914301137457160	pessimism
1313198503519117312	pessimism
1236684453688283137	pessimism
1246584271869018118	pessimism
1256715127719673856	neutral
1236424396966944768	neutral
1263947093468745731	pessimism
1265052218560053250	neutral
1245975092690964481	neutral
1313255396090343424	pessimism
1258832205113176064	neutral
1242566691051188224	pessimism
1243574403880886272	neutral
1313263297370755079	pessimism
1253764938474061830	neutral
1237076160724578309	pessimism
1263964306670002177	neutral
1313259197497249800	neutral
1241381837668323334	neutral
1291136436989722625	neutral
1242235665150074886	pessimism
1246905668944179204	neutral
1228690303776968705	pessimism
1329147285897441280	pessimism
1235679477755043841	pessimism
1248022640989634560	neutral
1227160598779023360	neutral
1323649733848649729	neutral
1235680637928894464	pessimism
1248619300111302658	neutral
1266103709597130754	neutral
1273647691008966662	neutral
1262813794838798341	neutral
1267486550071357440	neutral
1251507113689526273	neutral
1261663033497190402	neutral
1238157644394790913	pessimism
1240771752600485888	pessimism
1246213755203133441	neutral
1261562353872764928	neutral
1246942423156211718	pessimism
1325175986468515840	pessimism
1261625118352080897	neutral
1233287713907978242	neutral
1242561588646862848	neutral
1333481074089816066	pessimism
1228059270643671050	neutral
1246556479446028288	pessimism
1260336489143074819	neutral
1240361729323929605	pessimism
1243512634445619203	pessimism
1245861312963338240	pessimism
1257764929282736130	neutral
1329569559649595399	pessimism
1258509554754613248	neutral
1326575428362907648	pessimism
1269893539573334021	neutral
1236680137795493894	neutral
1253394493166018566	neutral
1246943197089222656	pessimism
1243577370994450437	neutral
1301718481797181440	neutral
1259950568828698624	neutral
1236199250977009664	pessimism
1242600220053188609	pessimism
1320762919752241153	pessimism
1263929463131299842	neutral
1243531754134265857	neutral
1227075554718994433	neutral
1235198851964964864	pessimism
1246134573681053696	neutral
1324480038201397251	neutral
1286315320538521600	neutral
1236077213067468800	pessimism
1324752363236843520	neutral
1235256572537966592	pessimism
1267308887969054725	neutral
1261438649461207043	neutral
1252376248329752589	pessimism
1303410584260673537	pessimism
1233540394752843777	pessimism
1229386465379000322	neutral
1238418463967739905	pessimism
1335342293818216461	pessimism
1246220210480308229	neutral
1257324390099779587	neutral
1235284930374127619	pessimism
1321594907044302855	pessimism
1244689704542298112	pessimism
1228397863992012806	neutral
1253463971488608256	pessimism
1294674472331444226	pessimism
1318326579332849664	pessimism
1266497528096272388	pessimism
1230210634274480130	neutral
1234633625007788032	pessimism
1266419661450571776	pessimism
1245640487689576448	neutral
1329546261855342594	pessimism
1327012491071795201	pessimism
1313573121551724552	pessimism
1269498561361702914	neutral
1241851007409283079	pessimism
1228899906842177537	pessimism
1237517028560420865	pessimism
1262798176957890565	pessimism
1302479138654224393	neutral
1246580733679788033	pessimism
1233147009613385728	pessimism
1225737827612270592	neutral
1258150237513879559	neutral
1260284003032215554	neutral
1244232831540363264	neutral
1230458214401093633	neutral
1320501936106446848	pessimism
1248732122061422597	pessimism
1318601019652268035	pessimism
1267230483303346176	neutral
1240016678848811010	pessimism
1228715796093755392	pessimism
1254175297576075271	neutral
1285696603173658624	neutral
1262853438028877834	neutral
1328105004645961728	pessimism
1227451379075121152	pessimism
1235253675444097025	neutral
1268635224864444419	neutral
1239959721332756481	pessimism
1245712059368476673	neutral
1237940227164876800	pessimism
1271903463711166465	neutral
1238966386845761537	pessimism
1271183173133701122	neutral
1247669648390225920	neutral
1244774050175442944	pessimism
1262169896798031874	pessimism
1237062596391362560	pessimism
1302445916033556480	pessimism
1239694280949628933	neutral
1244407637216759814	pessimism
1227228592351956997	neutral
1268550986198638597	pessimism
1253704425287364608	neutral
1260330801327149069	neutral
1246075149218131968	neutral
1238599876637687808	pessimism
1238774637598609408	pessimism
1269778816127377408	pessimism
1259588029259358208	pessimism
1328831345292959744	pessimism
1240378750392586241	pessimism
1255238285494038535	neutral
1312710328355106816	neutral
1237523981625769984	pessimism
1321442827658620929	pessimism
1266877232712163328	pessimism
1238592767099625473	pessimism
1280275199661916167	neutral
1232867932914552834	pessimism
1228239076261629952	pessimism
1260910634553806848	pessimism
1286338726663258113	neutral
1241862591212859393	pessimism
1231953492165545984	pessimism
1257423867469074439	neutral
1236866899389984768	pessimism
1264065877789548544	neutral
1269039908095655938	pessimism
1241122008739569670	neutral
1243575868871434242	pessimism
1253078440934326272	neutral
1243177858459209729	neutral
1243510007695466496	neutral
1247915478703538179	neutral
1242952133227548672	neutral
1251972882353119232	neutral
1242229190998491143	pessimism
1244912972813795328	pessimism
1233838751547187200	pessimism
1243744677385437190	pessimism
1238540043943153664	pessimism
1244156264222871552	neutral
1246549025786118146	pessimism
1254356171689021446	pessimism
1243807112519503872	pessimism
1228407097068589057	pessimism
1241708698851872769	pessimism
1313259444256616450	neutral
1227839713152655360	neutral
1225751530055204865	neutral
1247311868055748610	neutral
1252376164468813824	neutral
1243752296476897280	pessimism
1237134760075563012	pessimism
1236067412459610112	pessimism
1238367365093560321	pessimism
1249844892790112257	pessimism
1247503516937203712	neutral
1243761518254022661	neutral
1239245441557921792	neutral
1248029182350761987	pessimism
1237676238522609665	neutral
1242234303217459200	neutral
1244413078143258624	pessimism
1271224207012007936	neutral
1267167821907349504	neutral
1242599557558657029	pessimism
1320482518387351553	pessimism
1240748274795118593	pessimism
1266413993066889222	neutral
1305197242698141697	neutral
1242825231959388161	neutral
1236794296985989121	pessimism
1243580671144136704	neutral
1240340703806287873	pessimism
1280273086378471424	neutral
1239981439262826497	neutral
1227066474377945089	pessimism
1245647318835027968	neutral
1285909344199020551	neutral
1226503334338744326	neutral
1255179217748230149	neutral
1254176119290560512	neutral
1246213029492031493	neutral
1229539676605861888	pessimism
1233587741675458560	pessimism
1260935257718579201	neutral
1227016542459547649	neutral
1258518380115456000	neutral
1271193114263379973	neutral
1274009493408489474	neutral
1229714014105718784	pessimism
1246568699890470915	pessimism
1231716699948363778	neutral
1239185520183447552	neutral
1240375368160350213	pessimism
1229469255097356288	pessimism
1264519652060925952	neutral
1267153010809077761	pessimism
1231306182192717824	neutral
1243816805879156736	neutral
1235287331910881282	neutral
1233880111440678912	pessimism
1231262289547931648	pessimism
1240003776792199169	neutral
1311054882280026114	neutral
1288508094281113600	pessimism
1233889340280852480	pessimism
1238956805608390658	neutral
1241121266314219521	pessimism
1259553463106600961	neutral
1240005618230059011	pessimism
1225857166030114816	neutral
1327071993246707713	pessimism
1263144404140937217	neutral
1293871368837246976	neutral
1237893747930574849	pessimism
1260286059339972614	neutral
1243170960930410497	pessimism
1242239291050295296	neutral
1331314352813711361	pessimism
1242935775983009792	pessimism
1235343635979390976	pessimism
1227369263897313280	neutral
1260258266816315402	neutral
1246940076895952896	pessimism
1256327102518800385	neutral
1302455792155594755	pessimism
1229541881039683590	pessimism
1263984025376604162	neutral
1237505621081153537	pessimism
1249076159456968706	neutral
1228095203149582337	neutral
1245898992417832960	neutral
1267390647507402752	neutral
1266065399256408066	neutral
1254554869941354503	neutral
1242597558192467968	neutral
1294703379667705858	neutral
1260882612605923328	neutral
1264441653667995651	neutral
1241853643281793024	neutral
1236071848036773888	neutral
1247303999079907328	pessimism
1324475110452056067	neutral
1283969378476789760	neutral
1311072904088616961	pessimism
1233899255393329156	neutral
1240728916802719744	pessimism
1248386632283066368	pessimism
1232040121203073024	pessimism
1244251817468252161	pessimism
1245211873806413826	neutral
1243612232216436737	neutral
1266508413183365122	neutral
1242955844276432898	neutral
1244955447850754048	neutral
1243533710533840898	neutral
1283400215383465984	pessimism
1253067310799171586	neutral
1246574705382961153	pessimism
1306711108800188422	neutral
1256689204731338752	neutral
1241152166519361539	pessimism
1248365533352939522	pessimism
1284571856301948928	pessimism
1225689053804105733	neutral
1254843055255019520	neutral
1333462076220723201	pessimism
1235679984733351948	pessimism
1240761939703132161	neutral
1261661187894390785	neutral
1249111891651088386	pessimism
1285787825682518018	pessimism
1239320447747047427	neutral
1238601252247760896	pessimism
1237061658905841665	neutral
1236424882860277766	pessimism
1235307422580903936	pessimism
1216020022822236165	neutral
1274079369888227333	neutral
1239997640898641922	pessimism
1228233622873767936	neutral
1239296620392480769	pessimism
1238589731530846210	neutral
1240883887980642304	pessimism
1238584778317799425	neutral
1237144812064653318	pessimism
1242568062789976064	neutral
1233535092758282242	pessimism
1276458695245860864	neutral
1229767745245454336	neutral
1271213326404468736	neutral
1251155365393084420	neutral
1302293938594811904	pessimism
1251606659782324227	neutral
1243613777364488193	neutral
1334990236653412352	pessimism
1238929685687332864	neutral
1233318276681392128	pessimism
1247540452745596934	neutral
1246204923944906753	neutral
1251224900590809088	neutral
1231993768749957120	pessimism
1234464084441141249	neutral
1242578818189201413	pessimism
1324354869738774531	neutral
1233890888247586816	pessimism
1271187721751597056	neutral
1250425183438946304	neutral
1262511116128866306	pessimism
1246573318309842944	neutral
1252746642782117889	neutral
1229798267916963840	pessimism
1244407775238725632	pessimism
1243662947156725760	pessimism
1251986554572210176	neutral
1313259324593057795	pessimism
1247615918919704576	pessimism
1313261987141476353	neutral
1248027460806955010	neutral
1241127855125401600	pessimism
1226983414630436866	pessimism
1244404721483464706	pessimism
1280609856362250242	pessimism
1261592203887095809	neutral
1261726243994701827	neutral
1256327008939728897	neutral
1330615849707659265	pessimism
1256689967813836804	neutral
1258827895813951490	neutral
1248747197631324160	pessimism
1232761463720337415	pessimism
1260358151452397569	neutral
1260689279891668998	neutral
1228352009603911680	neutral
1245752058306867206	pessimism
1228233905741787136	pessimism
1228721911208828928	neutral
1252377310314901506	neutral
1243638364294832128	pessimism
1242599320077074440	pessimism
1233901365023277056	pessimism
1258181757414891523	neutral
1246587024787767298	neutral
1246924779317104641	neutral
1244751576411049986	pessimism
1232026459289669635	pessimism
1258018432118857728	neutral
1280926167193858048	pessimism
1256357783190016001	neutral
1250562039795367942	pessimism
1235679819762782208	pessimism
1327263825171603456	pessimism
1246928274938363905	neutral
1234531019367354371	neutral
1236428656659951616	pessimism
1243795369823264768	neutral
1226174730215903233	pessimism
1284825707139477504	neutral
1239195736987836418	neutral
1248036328610004992	neutral
1240775688573108225	pessimism
1242570031046823938	pessimism
1253305295834615809	neutral
1241123594521825280	pessimism
1235709648977551360	pessimism
1226994296747778049	neutral
1269026323067895809	pessimism
1285567371797835776	neutral
1266041677724233728	pessimism
1285682437947785218	neutral
1236648062673735682	neutral
1240973578889289735	pessimism
1319749112527540225	pessimism
1245520175010435077	neutral
1233290944671342592	pessimism
1314774230903463936	neutral
1241345130163916801	pessimism
1228940321205161985	neutral
1247671253705654272	neutral
1292481676656795649	neutral
1251610572816289792	neutral
1240770873247895553	pessimism
1323663265801494528	pessimism
1271191033880236032	neutral
1237775016961486848	neutral
1236076062162833411	pessimism
1253469597828894722	pessimism
1253217159020331009	neutral
1236915829213548544	pessimism
1246582542192578571	pessimism
1239216772890243072	pessimism
1267597275250995201	pessimism
1258332376821882880	pessimism
1330229526216011777	pessimism
1253075655815766022	neutral
1226148678223704065	neutral
1240713918760103936	pessimism
1243252366872371201	neutral
1261661477150363648	neutral
1236881088900825089	neutral
1229157657447215106	neutral
1258056336190947328	neutral
1245621771543277571	neutral
1313264018338058240	neutral
1252745081955790850	neutral
1248716695071600640	pessimism
1267384237801582592	neutral
1252005050584403968	neutral
1304510235965558784	neutral
1253823779295412227	neutral
1253789943010340864	neutral
1243868470665555969	neutral
1260870567466598400	neutral
1239177860407070722	pessimism
1287504966475583488	pessimism
1242191614694453248	pessimism
1236433824738881536	pessimism
1271924939965321216	neutral
1326211441641156608	pessimism
1271840570676252672	neutral
1235680400871051264	pessimism
1302271543607730178	neutral
1253788927984459776	neutral
1247819543545696256	neutral
1236865452606918661	neutral
1231619583422889984	pessimism
1237865419660128257	pessimism
1242594474460614656	pessimism
1261432777859379201	pessimism
1240770792448765952	pessimism
1226628633390747648	neutral
1224729249317380097	neutral
1248335427850743808	pessimism
1241450476916310016	pessimism
1234262860571848715	neutral
1268560729113845762	neutral
1242942938910523401	pessimism
1246932966724509705	neutral
1242590164821651457	neutral
1277749010250510337	pessimism
1248364523150589952	neutral
1253077338679631879	neutral
1246209028335849472	neutral
1267499428086251521	neutral
1229097031827935232	neutral
1230474245827899393	neutral
1238946792752009217	pessimism
1249117473640796162	neutral
1226994826173976577	pessimism
1227086308234928129	pessimism
1303000789418377217	neutral
1320468960203202560	pessimism
1245720347929788416	neutral
1242932157124878336	pessimism
1253065540278472705	neutral
1243152824965320706	pessimism
1267502302241398792	neutral
1238203981173682176	pessimism
1277366053157429248	neutral
1261665100496285696	neutral
1313595517671268360	pessimism
1228971407117340675	pessimism
1240036937206861824	pessimism
1261352011674447872	neutral
1227315621244940289	pessimism
1235316149266632708	neutral
1294697731915763716	pessimism
1245166114935627777	pessimism
1246433811044294657	neutral
1289849587650314240	pessimism
1240828065074143235	pessimism
1323038617728671744	pessimism
1226385998147309570	neutral
1240370890916978690	pessimism
1322948257455235075	neutral
1251617614465576960	pessimism
1236070644959281153	neutral
1226861969573056512	neutral
1250560139159121921	pessimism
1241121460795486209	neutral
1229504812972154880	pessimism
1239691120235470855	pessimism
1240426847281823747	pessimism
1227218615239237633	pessimism
1261792062925668354	pessimism
1240248952315768833	pessimism
1246219956087410688	neutral
1323330706949492737	neutral
1226831201492766720	pessimism
1237504627282784256	pessimism
1289671368833814529	neutral
1242568535412477952	neutral
1234337184406097921	pessimism
1305656176743505927	pessimism
1235679651676200965	neutral
1237864921238401024	pessimism
1233140289792925696	pessimism
1310686799476518912	neutral
1240219645715480576	pessimism
1246877135458844673	neutral
1241867707949240333	neutral
1238167710707732485	pessimism
1248157292727599104	neutral
1242569480494026752	pessimism
1236066014464442368	pessimism
1258489276184047623	neutral
1256672587037446145	neutral
1243734983925100545	neutral
1233882977530261505	pessimism
1326599846422261760	neutral
1246568993575616512	pessimism
1305891820560412672	pessimism
1273002241058897925	neutral
1241059808247070721	pessimism
1260279130270113794	neutral
1226941669913677824	neutral
1257760417239138305	neutral
1238270339047661569	pessimism
1260296321891778560	neutral
1239942825795416064	neutral
1255255505691447296	pessimism
1260295290898300929	neutral
1249118745311809536	pessimism
1239217945248542720	pessimism
1228438685189718016	neutral
1245351317003853826	neutral
1240760638240165894	pessimism
1295083485296820226	neutral
1260276272577552385	neutral
1284565217532313600	neutral
1244761698713702405	pessimism
